{
 "table": [
  [
   400,
   748.3155828389106,
   748.3155999305462,
   1.7091635641008907e-05,
   8.55745773059068e-05,
   0.19972795868930518
  ],
  [
   500,
   991.9000929922449,
   991.9001197168911,
   2.6724646204456803e-05,
   0.00013369078601070507,
   0.1998989384527732
  ],
  [
   600,
   1242.1433137413553,
   1242.143352215944,
   3.8474588791359565e-05,
   0.00019249597764361208,
   0.1998721701218692
  ],
  [
   700,
   1506.1297674946004,
   1506.1298198593615,
   5.2364761131684645e-05,
   0.00026199004746640974,
   0.19987309303571324
  ],
  [
   800,
   1763.8634835939724,
   1763.863551984391,
   6.839041861894657e-05,
   0.000342172871700777,
   0.19987095493284035
  ],
  [
   900,
   2045.9118588965105,
   2045.9119454762642,
   8.65797537699109e-05,
   0.00043304430752429346,
   0.19993278347170937
  ],
  [
   1000,
   2326.0531616864664,
   2326.05326856201,
   0.0001068755436790525,
   0.0005346041930737695,
   0.199915273886198
  ]
 ],
 "wall_slope": 0.29903629077138405,
 "r2": 0.9999750247616163
}