{
 "table": [
  [
   50,
   43.53109648837402,
   43.53109608779509,
   4.0057892647382687e-07,
   1.3446527697597353e-06,
   0.29790510642045004
  ],
  [
   100,
   118.60377537679133,
   118.6037767764699,
   1.3996785668268785e-06,
   5.36061048351531e-06,
   0.26110432219074714
  ],
  [
   150,
   207.6773736825577,
   207.67737594453297,
   2.261975282635831e-06,
   1.2048871356694237e-05,
   0.1877333748259416
  ],
  [
   200,
   306.65576485134477,
   306.655769091662,
   4.240317252879322e-06,
   2.140943241301063e-05,
   0.19805836843682312
  ],
  [
   250,
   407.6959014387913,
   407.69590809707694,
   6.658285656158114e-06,
   3.3442289487129746e-05,
   0.19909778182862012
  ],
  [
   300,
   519.7019656192497,
   519.701975199419,
   9.58016937602224e-06,
   4.814743722333571e-05,
   0.1989756865268626
  ],
  [
   350,
   630.4974800898929,
   630.4974932369402,
   1.3147047297934478e-05,
   6.55248690748654e-05,
   0.20064209945865483
  ],
  [
   400,
   748.3155828389091,
   748.3155999305462,
   1.7091637118937797e-05,
   8.55745773059068e-05,
   0.19972797595995886
  ]
 ],
 "wall_slope": 0.2946848287737285,
 "wall_pred": 0.02966916432871613,
 "sens": {
  "0.55": null,
  "0.6": null,
  "0.7": null,
  "0.8": null,
  "0.9": null
 }
}