{
 "wall": [
  [
   0.1,
   4.440892098500626e-16,
   64
  ],
  [
   0.05,
   5.551115123125783e-16,
   128
  ],
  [
   0.02,
   6.661338147750939e-16,
   512
  ],
  [
   0.01,
   6.661338147750939e-16,
   1024
  ],
  [
   0.005,
   4.440892098500626e-16,
   null
  ],
  [
   0.002,
   5.551115123125783e-16,
   null
  ]
 ],
 "p": -1.2463382834085124,
 "r2": 0.9928061911348254
}