{
 "wall": {
  "3": [
   1.267949192431121,
   2,
   1
  ],
  "4": [
   1.5307337294603571,
   3,
   1
  ],
  "5": [
   0.1571785626723079,
   2,
   4
  ],
  "6": [
   0.7681297403777108,
   5,
   4
  ],
  "7": [
   0.02025270539734425,
   2,
   6
  ],
  "8": [
   0.09055516075586256,
   5,
   1
  ],
  "9": [
   0.0023103507014350377,
   7,
   8
  ],
  "10": [
   0.06573198284891202,
   3,
   2
  ],
  "11": [
   0.0002455062712147793,
   2,
   1
  ],
  "12": [
   0.011988973512892631,
   7,
   1
  ],
  "13": [
   2.5231748513654395e-05,
   2,
   12
  ],
  "14": [
   0.013834988306173024,
   11,
   1
  ],
  "15": [
   2.548608900809768e-06,
   13,
   1
  ],
  "16": [
   0.0014233642417464942,
   7,
   1
  ],
  "17": [
   2.548029782722949e-07,
   2,
   16
  ],
  "18": [
   0.0065282595675686395,
   13,
   14
  ],
  "19": [
   2.5305210371584508e-08,
   2,
   1
  ],
  "20": [
   0.00015263540649268492,
   11,
   19
  ],
  "21": [
   2.501556295442242e-09,
   2,
   20
  ]
 },
 "c_frozen": 1.07509826443463,
 "c_combined": 1.128290827071523,
 "r2": 0.9997250800730798,
 "oos_errs": [
  0.18328579419950108,
  0.3256446473198303,
  0.47826046635722547,
  0.6375442317135345,
  0.8014449645481911
 ],
 "receipts": [
  432,
  432,
  22
 ]
}