{
 "gaps": {
  "13": 2.523175e-05,
  "15": 2.548609e-06,
  "17": 2.54803e-07,
  "19": 2.530521e-08,
  "21": 2.501558e-09,
  "23": 2.46462e-10,
  "25": 2.422295e-11,
  "27": 2.376062e-12,
  "29": 2.327196e-13,
  "31": 2.276583e-14,
  "33": 2.224883e-15,
  "35": 2.172598e-16,
  "37": 2.120109e-17
 },
 "slopes": {
  "13": 1.14627770098899,
  "15": 1.1514061507767233,
  "17": 1.1547401970911242,
  "19": 1.1570482828105586,
  "21": 1.1587305966818384,
  "23": 1.1599536462555378,
  "25": 1.1609280177185095,
  "27": 1.161682739518211,
  "29": 1.1622867838911866,
  "31": 1.1627781988167207,
  "33": 1.1631828682494572,
  "35": 1.1635206384992856
 },
 "aitken_cinf": 1.1676554300391584,
 "c_closed_form": 1.1662436161232752,
 "fit_alpha": 0.16965070656240502,
 "fit_rms": 0.00890924584013143
}