{
 "receipts": 312,
 "agree": 312,
 "fails": [],
 "nm": 16,
 "wall": {
  "3": 1.267949192431121,
  "4": 1.6457513110645876,
  "5": 0.15717856267230834,
  "6": 0.76812974037771,
  "7": 0.02025270539734292,
  "8": 0.13670348898003581,
  "9": 0.0023103507014337055,
  "10": 0.0657319828489098,
  "11": 0.0002455062712143352,
  "12": 0.06461565868183805
 },
 "slope": -0.6565583371912038,
 "r2": 0.5057811128084233
}