{
 "CAL": {
  "12": -0.9855069232633433,
  "16": -0.9962922506476917,
  "24": -0.9997950140494151,
  "32": -0.9999877615331378
 },
 "mean": {
  "12": [
   -0.09598022577119904,
   -0.10934097859446054,
   -0.12913542916710335,
   -0.15753247319373564,
   -0.1989222309247163,
   -0.2595311598939067,
   -0.32755741623969503,
   -0.3728937562850438,
   -0.45333824092603237
  ],
  "16": [
   -0.09515292581968066,
   -0.11225522501845757,
   -0.13961852785486017,
   -0.1803152922504327,
   -0.24052100428867446,
   -0.3376724794133775,
   -0.4132535779804374,
   -0.4742644413754322,
   -0.5816878483065817
  ],
  "24": [
   -0.07698673554093059,
   -0.09551629265320578,
   -0.1254171527103719,
   -0.17675744247645697,
   -0.2572941459985417,
   -0.3743975930842512,
   -0.5253127662359454,
   -0.6257948194553842,
   -0.7271595011155549
  ],
  "32": [
   -0.0598729252031313,
   -0.07812376778737179,
   -0.11039554247645533,
   -0.18056294438330595,
   -0.34371479740770766,
   -0.4996894289477488,
   -0.6314421331179985,
   -0.7460201970209408,
   -0.8137045447482553
  ]
 },
 "std": {
  "12": [
   0.022645246181445398,
   0.03166231077666671,
   0.04512278126732301,
   0.06629907453875232,
   0.09949213969082779,
   0.12826573508915243,
   0.13868939111170595,
   0.12272225084166714,
   0.11811739660688544
  ],
  "16": [
   0.015487574049118723,
   0.02142202533209889,
   0.0338855364513031,
   0.0423991773374142,
   0.06797337809600068,
   0.1418727126790179,
   0.1364102275214253,
   0.14597807978763264,
   0.14755973225635413
  ],
  "24": [
   0.017281863628064772,
   0.02523524544296746,
   0.037266922762935764,
   0.05828788267246277,
   0.10349742217490293,
   0.14507106689557583,
   0.14077080950642773,
   0.14722535335317619,
   0.10317957739081692
  ],
  "32": [
   0.012824223557585045,
   0.01848910767449764,
   0.027852420631854818,
   0.052019670978378264,
   0.10568737174160785,
   0.13164998546930243,
   0.12128977641137983,
   0.08590900399673865,
   0.12234278646202236
  ]
 },
 "fb": {
  "12": [
   0.0,
   0.08333333333333333,
   0.5555555555555556,
   0.6428571428571429,
   0.8125,
   0.8571428571428571,
   0.9333333333333333,
   1.0,
   0.9375
  ],
  "16": [
   0.0,
   0.0,
   0.0,
   0.0625,
   0.1875,
   0.625,
   0.875,
   0.9375,
   1.0
  ],
  "24": [
   0.0,
   0.0,
   0.09090909090909091,
   0.4,
   0.6,
   0.75,
   1.0,
   1.0,
   1.0
  ]
 },
 "Vc_lcm": 1.4129319552504969,
 "Vc_bott": 2.5999999999999996,
 "nu": 0.8,
 "ci": [
  0.8,
  1.2000000000000004
 ],
 "S0": 0.0012613976419523442,
 "Snull": 0.03727779762071366
}