{
 "gaps_corrected": {
  "13": 0.02307879,
  "17": 0.004397907,
  "19": 0.002035004,
  "23": 0.000403554,
  "25": 0.0001811812,
  "29": 3.629951e-05,
  "31": 1.62849e-05,
  "35": 3.283722e-06,
  "37": 1.476644e-06,
  "41": 2.992976e-07,
  "43": 1.348982e-07,
  "47": 2.745873e-08,
  "49": 1.239994e-08,
  "53": 2.532908e-09,
  "55": 1.145655e-09,
  "59": 2.346954e-10,
  "61": 1.06291e-10,
  "65": 2.1811e-11,
  "67": 9.900993e-12,
  "71": 2.038326e-12,
  "73": 9.266294e-13
 },
 "c3_inf": 0.38842876606053744,
 "sigma": 0.0018013388668415445,
 "target": 0.38874787204109174,
 "ratio": 3.002464590744326,
 "alpha": -0.36519170030923676,
 "rms": 0.018394279099090787,
 "note": "tail q=67,71,73 mp40-corrected; raw f64 run FAILed via extrema noise-bias hook"
}