{
  "arm": "grounded-random",
  "budget": 30000000,
  "tag": "ps040",
  "seed": 2,
  "nparams": 38036656,
  "steps": 3662,
  "ppl": {
    "all": 238.08860601302536,
    "g_hapax": 8734522.264757808,
    "g_rare": 511432.9892763874,
    "g_common": 777.9635174021065,
    "nongrounded": 113.57098658454723
  },
  "nll": {
    "all": 5.47264289855957,
    "g_hapax": 15.982793807983398,
    "g_rare": 13.14497184753418,
    "g_common": 6.656679630279541,
    "nongrounded": 4.732428073883057
  },
  "counts": {
    "all": 3999744,
    "g_hapax": 102,
    "g_rare": 23978,
    "g_common": 1435769,
    "nongrounded": 2539895
  },
  "vocab": 50256
}