{
  "arm": "flat",
  "budget": 30000000,
  "tag": "lad",
  "seed": 2,
  "nparams": 39644160,
  "steps": 3662,
  "ppl": {
    "all": 247.16567971790474,
    "g_hapax": 9607480.009991622,
    "g_rare": 592285.6013102964,
    "g_common": 799.5069673636108,
    "nongrounded": 118.38798817547877
  },
  "nll": {
    "all": 5.510058879852295,
    "g_hapax": 16.078052520751953,
    "g_rare": 13.291744232177734,
    "g_common": 6.683995246887207,
    "nongrounded": 4.773967266082764
  },
  "counts": {
    "all": 3999744,
    "g_hapax": 102,
    "g_rare": 23978,
    "g_common": 1435769,
    "nongrounded": 2539895
  },
  "vocab": 50256
}