{
  "arm": "grounded",
  "budget": 30000000,
  "tag": "lad",
  "seed": 2,
  "nparams": 38036656,
  "steps": 3662,
  "ppl": {
    "all": 225.75466409780475,
    "g_hapax": 9124311.64286018,
    "g_rare": 473065.860946024,
    "g_common": 689.4442310955925,
    "nongrounded": 111.92486488522954
  },
  "nll": {
    "all": 5.4194488525390625,
    "g_hapax": 16.026453018188477,
    "g_rare": 13.06698989868164,
    "g_common": 6.535885810852051,
    "nongrounded": 4.717827796936035
  },
  "counts": {
    "all": 3999744,
    "g_hapax": 102,
    "g_rare": 23978,
    "g_common": 1435769,
    "nongrounded": 2539895
  },
  "vocab": 50256
}