{
  "arm": "grounded-random",
  "budget": 30000000,
  "tag": "ps014",
  "seed": 2,
  "nparams": 12480688,
  "steps": 3662,
  "ppl": {
    "all": 460.78243365363164,
    "g_hapax": 19823745.647718884,
    "g_rare": 1023286.9871772225,
    "g_common": 1841.3763461744686,
    "nongrounded": 195.4757637920255
  },
  "nll": {
    "all": 6.132925987243652,
    "g_hapax": 16.802391052246094,
    "g_rare": 13.838530540466309,
    "g_common": 7.518268585205078,
    "nongrounded": 5.2754364013671875
  },
  "counts": {
    "all": 3999744,
    "g_hapax": 102,
    "g_rare": 23978,
    "g_common": 1435769,
    "nongrounded": 2539895
  },
  "vocab": 50256
}