{
  "arm": "grounded-random",
  "budget": 30000000,
  "tag": "ps014",
  "seed": 0,
  "nparams": 12480688,
  "steps": 3662,
  "ppl": {
    "all": 459.99761026937773,
    "g_hapax": 19162521.985161968,
    "g_rare": 1006488.0139592453,
    "g_common": 1828.508234723054,
    "nongrounded": 195.66311262096588
  },
  "nll": {
    "all": 6.131221294403076,
    "g_hapax": 16.76846694946289,
    "g_rare": 13.821977615356445,
    "g_common": 7.511255741119385,
    "nongrounded": 5.276394367218018
  },
  "counts": {
    "all": 3999744,
    "g_hapax": 102,
    "g_rare": 23978,
    "g_common": 1435769,
    "nongrounded": 2539895
  },
  "vocab": 50256
}