{
  "arm": "grounded",
  "budget": 30000000,
  "tag": "lad",
  "nparams": 38036656,
  "steps": 3662,
  "ppl": {
    "all": 222.12710000761362,
    "g_hapax": 9449135.295052975,
    "g_rare": 465358.2688625772,
    "g_common": 681.6459469033032,
    "nongrounded": 109.78003684313208
  },
  "nll": {
    "all": 5.403249740600586,
    "g_hapax": 16.061433792114258,
    "g_rare": 13.050562858581543,
    "g_common": 6.524510383605957,
    "nongrounded": 4.698478698730469
  },
  "counts": {
    "all": 3999744,
    "g_hapax": 102,
    "g_rare": 23978,
    "g_common": 1435769,
    "nongrounded": 2539895
  },
  "vocab": 50256
}