{
  "arm": "grounded-random",
  "budget": 8000000,
  "tag": "lad",
  "nparams": 38036656,
  "steps": 976,
  "ppl": {
    "all": 568.2124846370334,
    "g_hapax": 8640298.337461732,
    "g_rare": 219597.9978143125,
    "g_common": 1576.3372665093705,
    "nongrounded": 237.45312279498856
  },
  "nll": {
    "all": 6.342495441436768,
    "g_hapax": 15.97194766998291,
    "g_rare": 12.299553871154785,
    "g_common": 7.36285924911499,
    "nongrounded": 5.469970226287842
  },
  "counts": {
    "all": 3999744,
    "g_hapax": 1812,
    "g_rare": 143723,
    "g_common": 1312697,
    "nongrounded": 2541512
  },
  "vocab": 50256
}