{
  "arm": "grounded",
  "budget": 8000000,
  "tag": "lad",
  "seed": 2,
  "nparams": 38036656,
  "steps": 976,
  "ppl": {
    "all": 553.9969469839499,
    "g_hapax": 9157105.93681881,
    "g_rare": 215224.73038192987,
    "g_common": 1505.4646410268665,
    "nongrounded": 234.0460214444967
  },
  "nll": {
    "all": 6.317159175872803,
    "g_hapax": 16.030040740966797,
    "g_rare": 12.279438018798828,
    "g_common": 7.316856861114502,
    "nongrounded": 5.455517768859863
  },
  "counts": {
    "all": 3999744,
    "g_hapax": 1812,
    "g_rare": 143723,
    "g_common": 1312697,
    "nongrounded": 2541512
  },
  "vocab": 50256
}