{
  "arm": "grounded",
  "budget": 30000000,
  "tag": "ps014",
  "seed": 2,
  "nparams": 12480688,
  "steps": 3662,
  "ppl": {
    "all": 438.8513761086703,
    "g_hapax": 19099759.662346173,
    "g_rare": 1013095.2179761999,
    "g_common": 1636.2209728589182,
    "nongrounded": 193.65135413922312
  },
  "nll": {
    "all": 6.084160804748535,
    "g_hapax": 16.765186309814453,
    "g_rare": 13.828520774841309,
    "g_common": 7.400144577026367,
    "nongrounded": 5.266059398651123
  },
  "counts": {
    "all": 3999744,
    "g_hapax": 102,
    "g_rare": 23978,
    "g_common": 1435769,
    "nongrounded": 2539895
  },
  "vocab": 50256
}