{
  "arm": "grounded-random",
  "budget": 30000000,
  "tag": "ps090",
  "seed": 2,
  "nparams": 88346416,
  "steps": 3662,
  "ppl": {
    "all": 148.17867483142794,
    "g_hapax": 4964086.587099432,
    "g_rare": 308809.5557696584,
    "g_common": 415.6429677210597,
    "nongrounded": 77.27596859334315
  },
  "nll": {
    "all": 4.998418807983398,
    "g_hapax": 15.417739868164062,
    "g_rare": 12.640480041503906,
    "g_common": 6.029826641082764,
    "nongrounded": 4.34738302230835
  },
  "counts": {
    "all": 3999744,
    "g_hapax": 102,
    "g_rare": 23978,
    "g_common": 1435769,
    "nongrounded": 2539895
  },
  "vocab": 50256
}