{
  "arm": "grounded-random",
  "budget": 30000000,
  "tag": "ps040",
  "seed": 0,
  "nparams": 38036656,
  "steps": 3662,
  "ppl": {
    "all": 234.4644555351411,
    "g_hapax": 8290613.246289366,
    "g_rare": 504005.9926668513,
    "g_common": 767.7404272558659,
    "nongrounded": 111.70466395186813
  },
  "nll": {
    "all": 5.457304000854492,
    "g_hapax": 15.930634498596191,
    "g_rare": 13.130343437194824,
    "g_common": 6.643451690673828,
    "nongrounded": 4.715858459472656
  },
  "counts": {
    "all": 3999744,
    "g_hapax": 102,
    "g_rare": 23978,
    "g_common": 1435769,
    "nongrounded": 2539895
  },
  "vocab": 50256
}