{
  "arm": "flat",
  "budget": 30000000,
  "tag": "ps090",
  "seed": 2,
  "nparams": 89953920,
  "steps": 3662,
  "ppl": {
    "all": 156.09155023853367,
    "g_hapax": 5301809.072872127,
    "g_rare": 380959.2354153545,
    "g_common": 433.6709769676146,
    "nongrounded": 81.6987726064842
  },
  "nll": {
    "all": 5.050442695617676,
    "g_hapax": 15.483558654785156,
    "g_rare": 12.850447654724121,
    "g_common": 6.072286128997803,
    "nongrounded": 4.40303897857666
  },
  "counts": {
    "all": 3999744,
    "g_hapax": 102,
    "g_rare": 23978,
    "g_common": 1435769,
    "nongrounded": 2539895
  },
  "vocab": 50256
}