{
  "arm": "grounded-random",
  "budget": 8000000,
  "tag": "lad",
  "seed": 2,
  "nparams": 38036656,
  "steps": 976,
  "ppl": {
    "all": 571.0079025878989,
    "g_hapax": 9175813.419063428,
    "g_rare": 220774.125437771,
    "g_common": 1597.9209305843272,
    "nongrounded": 237.61531847309465
  },
  "nll": {
    "all": 6.347403049468994,
    "g_hapax": 16.032081604003906,
    "g_rare": 12.304895401000977,
    "g_common": 7.376458644866943,
    "nongrounded": 5.470653057098389
  },
  "counts": {
    "all": 3999744,
    "g_hapax": 1812,
    "g_rare": 143723,
    "g_common": 1312697,
    "nongrounded": 2541512
  },
  "vocab": 50256
}