{
  "arm": "flat",
  "budget": 30000000,
  "tag": "ps014",
  "seed": 0,
  "nparams": 14088192,
  "steps": 3662,
  "ppl": {
    "all": 469.9274654112019,
    "g_hapax": 21928326.24627058,
    "g_rare": 1219010.2350401352,
    "g_common": 1822.7775117396457,
    "nongrounded": 202.24825458289598
  },
  "nll": {
    "all": 6.152578353881836,
    "g_hapax": 16.903289794921875,
    "g_rare": 14.0135498046875,
    "g_common": 7.508116722106934,
    "nongrounded": 5.30949592590332
  },
  "counts": {
    "all": 3999744,
    "g_hapax": 102,
    "g_rare": 23978,
    "g_common": 1435769,
    "nongrounded": 2539895
  },
  "vocab": 50256
}