{
  "arm": "grounded-random",
  "budget": 30000000,
  "tag": "lad",
  "seed": 1,
  "nparams": 38036656,
  "steps": 3662,
  "ppl": {
    "all": 238.45649845518588,
    "g_hapax": 8154477.809270505,
    "g_rare": 514926.8488447888,
    "g_common": 780.3974884848423,
    "nongrounded": 113.65013441082493
  },
  "nll": {
    "all": 5.474186897277832,
    "g_hapax": 15.914077758789062,
    "g_rare": 13.151780128479004,
    "g_common": 6.65980339050293,
    "nongrounded": 4.733124732971191
  },
  "counts": {
    "all": 3999744,
    "g_hapax": 102,
    "g_rare": 23978,
    "g_common": 1435769,
    "nongrounded": 2539895
  },
  "vocab": 50256
}