{
  "arm": "grounded-random",
  "budget": 30000000,
  "tag": "lad",
  "nparams": 38036656,
  "steps": 3662,
  "ppl": {
    "all": 234.46456733653244,
    "g_hapax": 8290613.246289366,
    "g_rare": 504006.473324651,
    "g_common": 767.7404272558659,
    "nongrounded": 111.70461068694631
  },
  "nll": {
    "all": 5.45730447769165,
    "g_hapax": 15.930634498596191,
    "g_rare": 13.13034439086914,
    "g_common": 6.643451690673828,
    "nongrounded": 4.715857982635498
  },
  "counts": {
    "all": 3999744,
    "g_hapax": 102,
    "g_rare": 23978,
    "g_common": 1435769,
    "nongrounded": 2539895
  },
  "vocab": 50256
}