{
  "arm": "grounded",
  "budget": 30000000,
  "tag": "ps040",
  "seed": 1,
  "nparams": 38036656,
  "steps": 3662,
  "ppl": {
    "all": 224.61957803034414,
    "g_hapax": 7795927.303893467,
    "g_rare": 482782.3845076496,
    "g_common": 688.742044554937,
    "nongrounded": 111.06053115732678
  },
  "nll": {
    "all": 5.414408206939697,
    "g_hapax": 15.869112014770508,
    "g_rare": 13.087321281433105,
    "g_common": 6.534866809844971,
    "nongrounded": 4.710075378417969
  },
  "counts": {
    "all": 3999744,
    "g_hapax": 102,
    "g_rare": 23978,
    "g_common": 1435769,
    "nongrounded": 2539895
  },
  "vocab": 50256
}