{
  "arm": "flat",
  "budget": 90000000,
  "tag": "lad",
  "nparams": 39644160,
  "steps": 10986,
  "ppl": {
    "all": 125.82748766162987,
    "g_hapax": 12161984.343108723,
    "g_rare": 1594137.1649666952,
    "g_common": 348.727717651749,
    "nongrounded": 69.73323733014709
  },
  "nll": {
    "all": 4.834911823272705,
    "g_hapax": 16.313825607299805,
    "g_rare": 14.281843185424805,
    "g_common": 5.8542914390563965,
    "nongrounded": 4.2446770668029785
  },
  "counts": {
    "all": 3999744,
    "g_hapax": 5,
    "g_rare": 2653,
    "g_common": 1457347,
    "nongrounded": 2539739
  },
  "vocab": 50256
}