{
  "arm": "grounded-random",
  "budget": 30000000,
  "tag": "ps014",
  "seed": 1,
  "nparams": 12480688,
  "steps": 3662,
  "ppl": {
    "all": 457.5728153753913,
    "g_hapax": 21961686.091524478,
    "g_rare": 1002931.3062303896,
    "g_common": 1813.4232732487194,
    "nongrounded": 195.05686101217387
  },
  "nll": {
    "all": 6.125936031341553,
    "g_hapax": 16.904809951782227,
    "g_rare": 13.818437576293945,
    "g_common": 7.502971649169922,
    "nongrounded": 5.273291110992432
  },
  "counts": {
    "all": 3999744,
    "g_hapax": 102,
    "g_rare": 23978,
    "g_common": 1435769,
    "nongrounded": 2539895
  },
  "vocab": 50256
}