{
  "arm": "grounded",
  "budget": 30000000,
  "tag": "ps090",
  "seed": 0,
  "nparams": 88346416,
  "steps": 3662,
  "ppl": {
    "all": 141.66889951989072,
    "g_hapax": 4750100.340240312,
    "g_rare": 268085.5927597754,
    "g_common": 368.0463373838068,
    "nongrounded": 77.20687255484233
  },
  "nll": {
    "all": 4.953492641448975,
    "g_hapax": 15.373676300048828,
    "g_rare": 12.499061584472656,
    "g_common": 5.908208847045898,
    "nongrounded": 4.3464884757995605
  },
  "counts": {
    "all": 3999744,
    "g_hapax": 102,
    "g_rare": 23978,
    "g_common": 1435769,
    "nongrounded": 2539895
  },
  "vocab": 50256
}