{
  "arm": "grounded",
  "budget": 30000000,
  "tag": "lad",
  "seed": 1,
  "nparams": 38036656,
  "steps": 3662,
  "ppl": {
    "all": 224.61979224436882,
    "g_hapax": 7795927.303893467,
    "g_rare": 482781.46367420675,
    "g_common": 688.7410593022439,
    "nongrounded": 111.06042524180114
  },
  "nll": {
    "all": 5.414409160614014,
    "g_hapax": 15.869112014770508,
    "g_rare": 13.087319374084473,
    "g_common": 6.534865379333496,
    "nongrounded": 4.710074424743652
  },
  "counts": {
    "all": 3999744,
    "g_hapax": 102,
    "g_rare": 23978,
    "g_common": 1435769,
    "nongrounded": 2539895
  },
  "vocab": 50256
}