{
  "arm": "grounded-random",
  "budget": 30000000,
  "tag": "ps090",
  "seed": 0,
  "nparams": 88346416,
  "steps": 3662,
  "ppl": {
    "all": 149.41393521908458,
    "g_hapax": 4706231.32608024,
    "g_rare": 313985.65679142345,
    "g_common": 416.901816626254,
    "nongrounded": 78.11092862076393
  },
  "nll": {
    "all": 5.006720542907715,
    "g_hapax": 15.364398002624512,
    "g_rare": 12.657102584838867,
    "g_common": 6.032850742340088,
    "nongrounded": 4.358129978179932
  },
  "counts": {
    "all": 3999744,
    "g_hapax": 102,
    "g_rare": 23978,
    "g_common": 1435769,
    "nongrounded": 2539895
  },
  "vocab": 50256
}