{
  "arm": "grounded",
  "budget": 90000000,
  "tag": "lad",
  "seed": 2,
  "nparams": 38036656,
  "steps": 10986,
  "ppl": {
    "all": 114.13243946439377,
    "g_hapax": 5183815.576797438,
    "g_rare": 1109685.428432201,
    "g_common": 294.94321223595085,
    "nongrounded": 65.88303631973585
  },
  "nll": {
    "all": 4.737359523773193,
    "g_hapax": 15.461051940917969,
    "g_rare": 13.919587135314941,
    "g_common": 5.6867828369140625,
    "nongrounded": 4.187880992889404
  },
  "counts": {
    "all": 3999744,
    "g_hapax": 5,
    "g_rare": 2653,
    "g_common": 1457347,
    "nongrounded": 2539739
  },
  "vocab": 50256
}