{
  "arm": "flat",
  "budget": 30000000,
  "tag": "ps090",
  "seed": 1,
  "nparams": 89953920,
  "steps": 3662,
  "ppl": {
    "all": 157.40388254838965,
    "g_hapax": 6293652.759856522,
    "g_rare": 358610.91809450515,
    "g_common": 436.02420327470844,
    "nongrounded": 82.55459052394208
  },
  "nll": {
    "all": 5.058815002441406,
    "g_hapax": 15.655052185058594,
    "g_rare": 12.789993286132812,
    "g_common": 6.07769775390625,
    "nongrounded": 4.413459777832031
  },
  "counts": {
    "all": 3999744,
    "g_hapax": 102,
    "g_rare": 23978,
    "g_common": 1435769,
    "nongrounded": 2539895
  },
  "vocab": 50256
}