{
  "arm": "flat",
  "budget": 90000000,
  "tag": "lad",
  "seed": 1,
  "nparams": 39644160,
  "steps": 10986,
  "ppl": {
    "all": 125.00090534949366,
    "g_hapax": 41585515.59084855,
    "g_rare": 1604254.7248875042,
    "g_common": 346.09046191186746,
    "nongrounded": 69.26358718067675
  },
  "nll": {
    "all": 4.8283209800720215,
    "g_hapax": 17.543262481689453,
    "g_rare": 14.288169860839844,
    "g_common": 5.846700191497803,
    "nongrounded": 4.237919330596924
  },
  "counts": {
    "all": 3999744,
    "g_hapax": 5,
    "g_rare": 2653,
    "g_common": 1457347,
    "nongrounded": 2539739
  },
  "vocab": 50256
}