{
  "arm": "flat",
  "budget": 30000000,
  "tag": "lad",
  "seed": 1,
  "nparams": 39644160,
  "steps": 3662,
  "ppl": {
    "all": 246.51995688571427,
    "g_hapax": 9322018.211083908,
    "g_rare": 603659.8886722013,
    "g_common": 797.5730194932471,
    "nongrounded": 117.96248718381395
  },
  "nll": {
    "all": 5.507442951202393,
    "g_hapax": 16.047889709472656,
    "g_rare": 13.310766220092773,
    "g_common": 6.681573390960693,
    "nongrounded": 4.770366668701172
  },
  "counts": {
    "all": 3999744,
    "g_hapax": 102,
    "g_rare": 23978,
    "g_common": 1435769,
    "nongrounded": 2539895
  },
  "vocab": 50256
}