{
  "arm": "grounded",
  "budget": 30000000,
  "tag": "ps090",
  "seed": 1,
  "nparams": 88346416,
  "steps": 3662,
  "ppl": {
    "all": 141.0172330279528,
    "g_hapax": 5021059.549500179,
    "g_rare": 261656.96198305176,
    "g_common": 367.9919369720496,
    "nongrounded": 76.69273878393476
  },
  "nll": {
    "all": 4.948882102966309,
    "g_hapax": 15.42915153503418,
    "g_rare": 12.4747896194458,
    "g_common": 5.9080610275268555,
    "nongrounded": 4.339807033538818
  },
  "counts": {
    "all": 3999744,
    "g_hapax": 102,
    "g_rare": 23978,
    "g_common": 1435769,
    "nongrounded": 2539895
  },
  "vocab": 50256
}