{
  "arm": "grounded-random",
  "budget": 90000000,
  "tag": "lad",
  "seed": 1,
  "nparams": 38036656,
  "steps": 10986,
  "ppl": {
    "all": 119.991881643712,
    "g_hapax": 17289984.65186798,
    "g_rare": 1132344.948472915,
    "g_common": 333.6028806166824,
    "nongrounded": 66.38121211138458
  },
  "nll": {
    "all": 4.787424087524414,
    "g_hapax": 16.665637969970703,
    "g_rare": 13.939801216125488,
    "g_common": 5.809951305389404,
    "nongrounded": 4.195414066314697
  },
  "counts": {
    "all": 3999744,
    "g_hapax": 5,
    "g_rare": 2653,
    "g_common": 1457347,
    "nongrounded": 2539739
  },
  "vocab": 50256
}