{
  "arm": "grounded",
  "budget": 30000000,
  "tag": "ps014",
  "seed": 1,
  "nparams": 12480688,
  "steps": 3662,
  "ppl": {
    "all": 433.0927631364141,
    "g_hapax": 20724685.626978647,
    "g_rare": 990937.728983562,
    "g_common": 1603.3513978965293,
    "nongrounded": 191.86400682361275
  },
  "nll": {
    "all": 6.07095193862915,
    "g_hapax": 16.84683609008789,
    "g_rare": 13.80640697479248,
    "g_common": 7.379851341247559,
    "nongrounded": 5.256786823272705
  },
  "counts": {
    "all": 3999744,
    "g_hapax": 102,
    "g_rare": 23978,
    "g_common": 1435769,
    "nongrounded": 2539895
  },
  "vocab": 50256
}