{
  "arm": "grounded",
  "budget": 30000000,
  "tag": "ps090",
  "seed": 2,
  "nparams": 88346416,
  "steps": 3662,
  "ppl": {
    "all": 140.88899314776265,
    "g_hapax": 5791585.117407103,
    "g_rare": 266818.1920502511,
    "g_common": 369.09960214697634,
    "nongrounded": 76.47691464418051
  },
  "nll": {
    "all": 4.947972297668457,
    "g_hapax": 15.571916580200195,
    "g_rare": 12.494322776794434,
    "g_common": 5.91106653213501,
    "nongrounded": 4.336988925933838
  },
  "counts": {
    "all": 3999744,
    "g_hapax": 102,
    "g_rare": 23978,
    "g_common": 1435769,
    "nongrounded": 2539895
  },
  "vocab": 50256
}