{
  "arm": "grounded-random",
  "budget": 8000000,
  "tag": "lad",
  "seed": 1,
  "nparams": 38036656,
  "steps": 976,
  "ppl": {
    "all": 566.6015669913592,
    "g_hapax": 9813222.380066872,
    "g_rare": 222924.31385474416,
    "g_common": 1581.8293921126804,
    "nongrounded": 235.50505720161158
  },
  "nll": {
    "all": 6.339656352996826,
    "g_hapax": 16.099241256713867,
    "g_rare": 12.314587593078613,
    "g_common": 7.366337299346924,
    "nongrounded": 5.461732387542725
  },
  "counts": {
    "all": 3999744,
    "g_hapax": 1812,
    "g_rare": 143723,
    "g_common": 1312697,
    "nongrounded": 2541512
  },
  "vocab": 50256
}