{
  "arm": "flat",
  "budget": 8000000,
  "tag": "lad",
  "nparams": 39644160,
  "steps": 976,
  "ppl": {
    "all": 587.4558453987287,
    "g_hapax": 11027727.150808835,
    "g_rare": 242569.61901160196,
    "g_common": 1586.4863393482526,
    "nongrounded": 248.15861707027244
  },
  "nll": {
    "all": 6.375801086425781,
    "g_hapax": 16.215923309326172,
    "g_rare": 12.399044036865234,
    "g_common": 7.369277000427246,
    "nongrounded": 5.514068126678467
  },
  "counts": {
    "all": 3999744,
    "g_hapax": 1812,
    "g_rare": 143723,
    "g_common": 1312697,
    "nongrounded": 2541512
  },
  "vocab": 50256
}