{
  "arm": "flat",
  "budget": 30000000,
  "tag": "ps040",
  "seed": 1,
  "nparams": 39644160,
  "steps": 3662,
  "ppl": {
    "all": 246.51995688571427,
    "g_hapax": 9322000.430762174,
    "g_rare": 603661.0400631627,
    "g_common": 797.5741604314194,
    "nongrounded": 117.96248718381395
  },
  "nll": {
    "all": 5.507442951202393,
    "g_hapax": 16.047887802124023,
    "g_rare": 13.310768127441406,
    "g_common": 6.681574821472168,
    "nongrounded": 4.770366668701172
  },
  "counts": {
    "all": 3999744,
    "g_hapax": 102,
    "g_rare": 23978,
    "g_common": 1435769,
    "nongrounded": 2539895
  },
  "vocab": 50256
}