{
  "arm": "flat",
  "budget": 30000000,
  "tag": "ps014",
  "seed": 1,
  "nparams": 14088192,
  "steps": 3662,
  "ppl": {
    "all": 467.88116381900494,
    "g_hapax": 29422027.336460974,
    "g_rare": 1180832.7420214391,
    "g_common": 1817.48242340065,
    "nongrounded": 201.64236672093938
  },
  "nll": {
    "all": 6.148214340209961,
    "g_hapax": 17.197254180908203,
    "g_rare": 13.981730461120605,
    "g_common": 7.505207538604736,
    "nongrounded": 5.306495666503906
  },
  "counts": {
    "all": 3999744,
    "g_hapax": 102,
    "g_rare": 23978,
    "g_common": 1435769,
    "nongrounded": 2539895
  },
  "vocab": 50256
}