{
  "arm": "flat",
  "budget": 30000000,
  "tag": "ps090",
  "seed": 0,
  "nparams": 89953920,
  "steps": 3662,
  "ppl": {
    "all": 156.614253969929,
    "g_hapax": 6400761.029291738,
    "g_rare": 370065.0281727444,
    "g_common": 433.4929669461134,
    "nongrounded": 82.08160128587606
  },
  "nll": {
    "all": 5.053785800933838,
    "g_hapax": 15.671927452087402,
    "g_rare": 12.821434020996094,
    "g_common": 6.07187557220459,
    "nongrounded": 4.407713890075684
  },
  "counts": {
    "all": 3999744,
    "g_hapax": 102,
    "g_rare": 23978,
    "g_common": 1435769,
    "nongrounded": 2539895
  },
  "vocab": 50256
}