{
  "arm": "flat",
  "budget": 8000000,
  "tag": "lad",
  "seed": 1,
  "nparams": 39644160,
  "steps": 976,
  "ppl": {
    "all": 595.739167433498,
    "g_hapax": 11095410.182979677,
    "g_rare": 239424.63203511387,
    "g_common": 1601.3801039150123,
    "nongrounded": 252.40211302158232
  },
  "nll": {
    "all": 6.389802932739258,
    "g_hapax": 16.222042083740234,
    "g_rare": 12.385993957519531,
    "g_common": 7.3786211013793945,
    "nongrounded": 5.5310235023498535
  },
  "counts": {
    "all": 3999744,
    "g_hapax": 1812,
    "g_rare": 143723,
    "g_common": 1312697,
    "nongrounded": 2541512
  },
  "vocab": 50256
}