{
  "arm": "flat",
  "budget": 8000000,
  "tag": "lad",
  "seed": 2,
  "nparams": 39644160,
  "steps": 976,
  "ppl": {
    "all": 593.502627540487,
    "g_hapax": 12281733.770332597,
    "g_rare": 238763.1530961362,
    "g_common": 1589.0483871117606,
    "nongrounded": 252.16933407164004
  },
  "nll": {
    "all": 6.386041641235352,
    "g_hapax": 16.323623657226562,
    "g_rare": 12.383227348327637,
    "g_common": 7.3708906173706055,
    "nongrounded": 5.5301008224487305
  },
  "counts": {
    "all": 3999744,
    "g_hapax": 1812,
    "g_rare": 143723,
    "g_common": 1312697,
    "nongrounded": 2541512
  },
  "vocab": 50256
}