{
  "arm": "grounded-random",
  "budget": 30000000,
  "tag": "lad",
  "seed": 2,
  "nparams": 38036656,
  "steps": 3662,
  "ppl": {
    "all": 238.0880383662306,
    "g_hapax": 8734505.604994597,
    "g_rare": 511432.01379630476,
    "g_common": 777.9635174021065,
    "nongrounded": 113.57098658454723
  },
  "nll": {
    "all": 5.472640514373779,
    "g_hapax": 15.982791900634766,
    "g_rare": 13.144969940185547,
    "g_common": 6.656679630279541,
    "nongrounded": 4.732428073883057
  },
  "counts": {
    "all": 3999744,
    "g_hapax": 102,
    "g_rare": 23978,
    "g_common": 1435769,
    "nongrounded": 2539895
  },
  "vocab": 50256
}