{
  "arm": "grounded-random",
  "budget": 30000000,
  "tag": "ps040",
  "seed": 1,
  "nparams": 38036656,
  "steps": 3662,
  "ppl": {
    "all": 238.45661216013207,
    "g_hapax": 8154470.032558163,
    "g_rare": 514926.8488447888,
    "g_common": 780.3978606074517,
    "nongrounded": 113.65008021823073
  },
  "nll": {
    "all": 5.47418737411499,
    "g_hapax": 15.914076805114746,
    "g_rare": 13.151780128479004,
    "g_common": 6.659803867340088,
    "nongrounded": 4.733124256134033
  },
  "counts": {
    "all": 3999744,
    "g_hapax": 102,
    "g_rare": 23978,
    "g_common": 1435769,
    "nongrounded": 2539895
  },
  "vocab": 50256
}