{
  "arm": "grounded",
  "budget": 30000000,
  "tag": "ps040",
  "seed": 0,
  "nparams": 38036656,
  "steps": 3662,
  "ppl": {
    "all": 222.1273118446249,
    "g_hapax": 9449117.272274878,
    "g_rare": 465358.2688625772,
    "g_common": 681.6459469033032,
    "nongrounded": 109.78008919034535
  },
  "nll": {
    "all": 5.403250694274902,
    "g_hapax": 16.061431884765625,
    "g_rare": 13.050562858581543,
    "g_common": 6.524510383605957,
    "nongrounded": 4.698479175567627
  },
  "counts": {
    "all": 3999744,
    "g_hapax": 102,
    "g_rare": 23978,
    "g_common": 1435769,
    "nongrounded": 2539895
  },
  "vocab": 50256
}