{
  "arm": "grounded",
  "budget": 30000000,
  "tag": "ps014",
  "seed": 0,
  "nparams": 12480688,
  "steps": 3662,
  "ppl": {
    "all": 435.55789705405124,
    "g_hapax": 22650960.480878938,
    "g_rare": 990655.2047396499,
    "g_common": 1627.4151066456527,
    "nongrounded": 192.04597097755007
  },
  "nll": {
    "all": 6.076627731323242,
    "g_hapax": 16.935712814331055,
    "g_rare": 13.806121826171875,
    "g_common": 7.394748210906982,
    "nongrounded": 5.257734775543213
  },
  "counts": {
    "all": 3999744,
    "g_hapax": 102,
    "g_rare": 23978,
    "g_common": 1435769,
    "nongrounded": 2539895
  },
  "vocab": 50256
}