{
  "arm": "grounded",
  "budget": 90000000,
  "tag": "lad",
  "nparams": 38036656,
  "steps": 10986,
  "ppl": {
    "all": 115.60423783645848,
    "g_hapax": 16050359.989608308,
    "g_rare": 1098678.1987084388,
    "g_common": 298.3042438797781,
    "nongrounded": 66.78340619537687
  },
  "nll": {
    "all": 4.7501726150512695,
    "g_hapax": 16.59124183654785,
    "g_rare": 13.909618377685547,
    "g_common": 5.698113918304443,
    "nongrounded": 4.2014546394348145
  },
  "counts": {
    "all": 3999744,
    "g_hapax": 5,
    "g_rare": 2653,
    "g_common": 1457347,
    "nongrounded": 2539739
  },
  "vocab": 50256
}