{
  "arm": "flat",
  "budget": 90000000,
  "tag": "lad",
  "seed": 2,
  "nparams": 39644160,
  "steps": 10986,
  "ppl": {
    "all": 126.40190740241259,
    "g_hapax": 12699350.217053968,
    "g_rare": 1589654.0710820814,
    "g_common": 351.2939323739095,
    "nongrounded": 69.92959677143479
  },
  "nll": {
    "all": 4.839466571807861,
    "g_hapax": 16.3570613861084,
    "g_rare": 14.279026985168457,
    "g_common": 5.861623287200928,
    "nongrounded": 4.247488975524902
  },
  "counts": {
    "all": 3999744,
    "g_hapax": 5,
    "g_rare": 2653,
    "g_common": 1457347,
    "nongrounded": 2539739
  },
  "vocab": 50256
}