{
  "arm": "grounded",
  "budget": 8000000,
  "tag": "lad",
  "nparams": 38036656,
  "steps": 976,
  "ppl": {
    "all": 551.6939899124384,
    "g_hapax": 8279180.366101261,
    "g_rare": 213236.23330658264,
    "g_common": 1495.5464604592976,
    "nongrounded": 233.25287491800478
  },
  "nll": {
    "all": 6.31299352645874,
    "g_hapax": 15.929254531860352,
    "g_rare": 12.270155906677246,
    "g_common": 7.31024694442749,
    "nongrounded": 5.452123165130615
  },
  "counts": {
    "all": 3999744,
    "g_hapax": 1812,
    "g_rare": 143723,
    "g_common": 1312697,
    "nongrounded": 2541512
  },
  "vocab": 50256
}