{
  "arm": "flat",
  "budget": 30000000,
  "tag": "ps040",
  "seed": 0,
  "nparams": 39644160,
  "steps": 3662,
  "ppl": {
    "all": 245.0599784840652,
    "g_hapax": 8981978.54003707,
    "g_rare": 594936.6980294333,
    "g_common": 789.2867610300888,
    "nongrounded": 117.6756296669806
  },
  "nll": {
    "all": 5.501502990722656,
    "g_hapax": 16.010730743408203,
    "g_rare": 13.296210289001465,
    "g_common": 6.6711297035217285,
    "nongrounded": 4.767931938171387
  },
  "counts": {
    "all": 3999744,
    "g_hapax": 102,
    "g_rare": 23978,
    "g_common": 1435769,
    "nongrounded": 2539895
  },
  "vocab": 50256
}