{
  "arm": "grounded",
  "budget": 8000000,
  "tag": "lad",
  "seed": 1,
  "nparams": 38036656,
  "steps": 976,
  "ppl": {
    "all": 547.0225844522228,
    "g_hapax": 9458674.165250206,
    "g_rare": 214504.06028272028,
    "g_common": 1478.3448526354475,
    "nongrounded": 231.37026767381127
  },
  "nll": {
    "all": 6.304490089416504,
    "g_hapax": 16.062442779541016,
    "g_rare": 12.276083946228027,
    "g_common": 7.298678398132324,
    "nongrounded": 5.444019317626953
  },
  "counts": {
    "all": 3999744,
    "g_hapax": 1812,
    "g_rare": 143723,
    "g_common": 1312697,
    "nongrounded": 2541512
  },
  "vocab": 50256
}