{
  "arm": "grounded",
  "budget": 90000000,
  "tag": "lad",
  "seed": 1,
  "nparams": 38036656,
  "steps": 10986,
  "ppl": {
    "all": 113.87900315940584,
    "g_hapax": 13986428.470679939,
    "g_rare": 1051461.001505824,
    "g_common": 294.72881437614916,
    "nongrounded": 65.71122955739644
  },
  "nll": {
    "all": 4.73513650894165,
    "g_hapax": 16.453598022460938,
    "g_rare": 13.865691184997559,
    "g_common": 5.686055660247803,
    "nongrounded": 4.185269832611084
  },
  "counts": {
    "all": 3999744,
    "g_hapax": 5,
    "g_rare": 2653,
    "g_common": 1457347,
    "nongrounded": 2539739
  },
  "vocab": 50256
}