{
  "arm": "flat",
  "budget": 30000000,
  "tag": "ps014",
  "seed": 2,
  "nparams": 14088192,
  "steps": 3662,
  "ppl": {
    "all": 467.06309137102005,
    "g_hapax": 22759096.369573966,
    "g_rare": 1238333.2099624847,
    "g_common": 1802.1025522205528,
    "nongrounded": 201.89501627359053
  },
  "nll": {
    "all": 6.1464643478393555,
    "g_hapax": 16.940475463867188,
    "g_rare": 14.029276847839355,
    "g_common": 7.49670934677124,
    "nongrounded": 5.307747840881348
  },
  "counts": {
    "all": 3999744,
    "g_hapax": 102,
    "g_rare": 23978,
    "g_common": 1435769,
    "nongrounded": 2539895
  },
  "vocab": 50256
}