{
  "arm": "grounded-random",
  "budget": 30000000,
  "tag": "ps090",
  "seed": 1,
  "nparams": 88346416,
  "steps": 3662,
  "ppl": {
    "all": 148.12936438338636,
    "g_hapax": 4542049.469370651,
    "g_rare": 297928.1360147619,
    "g_common": 413.58981067616276,
    "nongrounded": 77.45547939850488
  },
  "nll": {
    "all": 4.998085975646973,
    "g_hapax": 15.328888893127441,
    "g_rare": 12.604607582092285,
    "g_common": 6.024874687194824,
    "nongrounded": 4.349703311920166
  },
  "counts": {
    "all": 3999744,
    "g_hapax": 102,
    "g_rare": 23978,
    "g_common": 1435769,
    "nongrounded": 2539895
  },
  "vocab": 50256
}