{
  "arm": "grounded-random",
  "budget": 90000000,
  "tag": "lad",
  "nparams": 38036656,
  "steps": 10986,
  "ppl": {
    "all": 121.7640796997682,
    "g_hapax": 5375376.890363836,
    "g_rare": 1247285.2530564312,
    "g_common": 339.9478063817485,
    "nongrounded": 67.15645531538162
  },
  "nll": {
    "all": 4.8020853996276855,
    "g_hapax": 15.497339248657227,
    "g_rare": 14.036479949951172,
    "g_common": 5.828792095184326,
    "nongrounded": 4.207025051116943
  },
  "counts": {
    "all": 3999744,
    "g_hapax": 5,
    "g_rare": 2653,
    "g_common": 1457347,
    "nongrounded": 2539739
  },
  "vocab": 50256
}