{
  "arm": "grounded",
  "budget": 30000000,
  "tag": "ps040",
  "seed": 2,
  "nparams": 38036656,
  "steps": 3662,
  "ppl": {
    "all": 225.75552528514714,
    "g_hapax": 9124294.23963344,
    "g_rare": 473064.50749567547,
    "g_common": 689.4455461073583,
    "nongrounded": 111.92497162514945
  },
  "nll": {
    "all": 5.419452667236328,
    "g_hapax": 16.026451110839844,
    "g_rare": 13.066987037658691,
    "g_common": 6.535887718200684,
    "nongrounded": 4.717828750610352
  },
  "counts": {
    "all": 3999744,
    "g_hapax": 102,
    "g_rare": 23978,
    "g_common": 1435769,
    "nongrounded": 2539895
  },
  "vocab": 50256
}