{
  "arm": "grounded-random",
  "budget": 90000000,
  "tag": "lad",
  "seed": 2,
  "nparams": 38036656,
  "steps": 10986,
  "ppl": {
    "all": 120.38313578140222,
    "g_hapax": 14873262.317697054,
    "g_rare": 1263748.638291076,
    "g_common": 335.30085070432574,
    "nongrounded": 66.5416015427218
  },
  "nll": {
    "all": 4.790679454803467,
    "g_hapax": 16.51507568359375,
    "g_rare": 14.049592971801758,
    "g_common": 5.815028190612793,
    "nongrounded": 4.197827339172363
  },
  "counts": {
    "all": 3999744,
    "g_hapax": 5,
    "g_rare": 2653,
    "g_common": 1457347,
    "nongrounded": 2539739
  },
  "vocab": 50256
}