{
 "pstar": 0.03353442212119695,
 "gamma_A": 0.24703519057877527,
 "r2A": 0.9988829892413202,
 "gamma_B": 0.17147249635523304,
 "r2B": 0.9936158816994034,
 "epsA": [
  0.1,
  0.03162277660168379,
  0.01,
  0.0031622776601683794,
  0.001,
  0.00031622776601683794,
  0.0001,
  3.1622776601683795e-05,
  1e-05,
  3.162277660168379e-06,
  1e-06,
  3.162277660168379e-07,
  1e-07,
  3.162277660168379e-08,
  1e-08,
  3.1622776601683795e-09,
  1e-09,
  3.1622776601683795e-10,
  1e-10,
  3.1622776601683794e-11
 ],
 "MA": [
  0.5648708609683539,
  0.38271385818409853,
  0.25872116899788977,
  0.14232204495950132,
  0.08382005639430681,
  0.062040624041654314,
  0.04745836346598408,
  0.03287928386546969,
  0.0037326965859116198,
  0.018323412353051377,
  0.011019471629813734,
  0.011048703492215385,
  0.0036966795446939983,
  0.003690897681566382,
  0.0036950876154281218,
  0.0036442202789323014,
  0.0036773709121998934,
  0.0036909907269811466,
  0.003687783689628236,
  0.0036887594247048527
 ],
 "epsB": [
  0.1,
  0.03162277660168379,
  0.01,
  0.0031622776601683794,
  0.001,
  0.00031622776601683794,
  0.0001,
  3.1622776601683795e-05,
  1e-05,
  3.162277660168379e-06,
  1e-06,
  3.162277660168379e-07,
  1e-07,
  3.162277660168379e-08,
  1e-08,
  3.1622776601683795e-09,
  1e-09,
  3.1622776601683795e-10
 ],
 "RB": [
  1.6946353556901081,
  7.600865709316422,
  17.228874396101272,
  34.089945113157015,
  108.10629258241327,
  342.2092986688374,
  626.5066274578893,
  846.3917059383336,
  1206.2547116154335,
  1881.4945502105104,
  3099.0466607937637,
  4172.788048202867,
  4612.5506246252635,
  4659.0969495543295,
  4659.344498841435,
  4659.684303713579,
  4659.765691878298,
  4659.789223710945
 ],
 "conv": [
  0.08382005639430681,
  0.21172484608137315
 ]
}