{
 "pstar": 0.012804970405123822,
 "primary_slice": {
  "n": 45,
  "gamma": 0.41671815966060455,
  "P": 4.280701754385965,
  "Delta": 3.567692314287281,
  "amp1": 0.47920998523987496,
  "sse_lin": 8.767001776228025,
  "sse_wig": 3.13571306333545,
  "reduction": 0.3576722285876599,
  "pval": 0.004975124378109453,
  "dphi": 0.060403794296781665,
  "detect": true,
  "surr_red_p5": 0.6521647812288781
 },
 "axis_channel": {
  "n": 45,
  "gamma": 0.31397632697639,
  "P": 4.298245614035087,
  "Delta": 2.6990947406742296,
  "amp1": 0.3219958514861555,
  "sse_lin": 3.315185728917795,
  "sse_wig": 0.9474810783846329,
  "reduction": 0.285800300755375
 },
 "control1600": {
  "n": 23,
  "gamma": 0.44902417362172026,
  "P": 4.140350877192983,
  "Delta": 3.7182352622710875,
  "amp1": 0.7181430053399548,
  "sse_lin": 18.176626074095445,
  "sse_wig": 10.580904331020358,
  "reduction": 0.5821159706916023
 },
 "epsB": [
  0.01,
  0.007498942093324558,
  0.005623413251903491,
  0.004216965034285823,
  0.0031622776601683794,
  0.0023713737056616554,
  0.0017782794100389228,
  0.001333521432163324,
  0.001,
  0.0007498942093324559,
  0.0005623413251903491,
  0.00042169650342858224,
  0.00031622776601683794,
  0.00023713737056616554,
  0.00017782794100389227,
  0.0001333521432163324,
  0.0001,
  7.498942093324559e-05,
  5.623413251903491e-05,
  4.216965034285822e-05,
  3.1622776601683795e-05,
  2.3713737056616554e-05,
  1.778279410038923e-05,
  1.333521432163324e-05,
  1e-05,
  7.498942093324558e-06,
  5.623413251903491e-06,
  4.216965034285822e-06,
  3.162277660168379e-06,
  2.3713737056616552e-06,
  1.778279410038923e-06,
  1.333521432163324e-06,
  1e-06,
  7.498942093324558e-07,
  5.62341325190349e-07,
  4.2169650342858225e-07,
  3.162277660168379e-07,
  2.3713737056616554e-07,
  1.7782794100389227e-07,
  1.333521432163324e-07,
  1e-07,
  7.498942093324559e-08,
  5.6234132519034905e-08,
  4.2169650342858225e-08,
  3.162277660168379e-08
 ],
 "R_slice": [
  170.61868456636037,
  191.07122438434257,
  215.80163675538384,
  258.68957456260046,
  313.07303937068485,
  383.4339547391735,
  585.1797992464809,
  955.1616215064405,
  1475.5189930902916,
  2171.2251241467234,
  2991.8376562523836,
  3885.8684455940306,
  4967.355744963394,
  5967.75049582096,
  6800.864047439987,
  7472.105744937016,
  8218.55410817481,
  8760.230039993488,
  9306.818872368112,
  9910.591966458991,
  10335.154194326562,
  15923.762339692117,
  30791.299804849386,
  46644.02072803541,
  75810.84025541205,
  101804.25826695493,
  115685.42774758251,
  185483.614430062,
  222037.02966911267,
  260523.45973826427,
  250353.5460162904,
  270861.3817256404,
  284328.30707049184,
  328737.17631051247,
  338896.10818581044,
  376706.2786806861,
  415556.4167616294,
  2104174.821253514,
  1927008.3075197025,
  9920522.328275822,
  2615783.6205653474,
  4009538.1523422315,
  3121162.48327286,
  8278650.739992558,
  11409391.054939508
 ],
 "R_axis": [
  137.7665403532733,
  156.5687969019165,
  184.13560071717305,
  218.86655098526973,
  266.9314259322998,
  327.03359617056947,
  429.5269728903672,
  647.6119418628379,
  916.2754937382135,
  1256.0925538572158,
  1614.0988281286668,
  1988.558723483764,
  2351.168206297369,
  2686.579937894071,
  2958.1358991385714,
  3279.886791685961,
  3580.3633795580877,
  3810.229261411737,
  3992.3479522974103,
  4629.054789194048,
  5720.093274007136,
  6548.552861487296,
  10302.605201740971,
  13465.388509116035,
  18260.70568793691,
  21512.73675253527,
  22899.891315874716,
  31641.60445175744,
  35166.703139672354,
  39310.1511647935,
  41043.419496658295,
  44015.15914317853,
  48927.47610135565,
  59902.75527629043,
  59997.42446150334,
  49619.569751715004,
  85859.61492829068,
  207126.56052168144,
  208307.430669927,
  368205.8749976318,
  374356.1303152138,
  336065.496005624,
  385849.5074306234,
  447426.33588865306,
  534660.156839131
 ],
 "eps16": [
  0.01,
  0.005623413251903491,
  0.0031622776601683794,
  0.0017782794100389228,
  0.001,
  0.0005623413251903491,
  0.00031622776601683794,
  0.00017782794100389227,
  0.0001,
  5.623413251903491e-05,
  3.1622776601683795e-05,
  1.778279410038923e-05,
  1e-05,
  5.623413251903491e-06,
  3.162277660168379e-06,
  1.778279410038923e-06,
  1e-06,
  5.62341325190349e-07,
  3.162277660168379e-07,
  1.7782794100389227e-07,
  1e-07,
  5.6234132519034905e-08,
  3.162277660168379e-08
 ],
 "y16": [
  174.46849866586908,
  220.55328872615976,
  325.5433595130782,
  594.4331877109548,
  1560.3062974272038,
  3217.762718292563,
  5531.091793641293,
  7924.071400261477,
  9953.680338511924,
  11414.37872389221,
  12153.661049307715,
  29701.23357879811,
  80032.47804297847,
  188360.81610251492,
  265302.46481759055,
  377848.05442991504,
  501163.2535322945,
  557770.2977572278,
  585293.4063806857,
  2526863.713934385,
  221832960.3285085,
  5639590.111070515,
  9411211.853496648
 ],
 "dropped": [],
 "gamma_A_used": 0.36805238915901506,
 "verdicts": {
  "v1": true,
  "v2": false,
  "v3": true,
  "v5": false
 }
}