{
 "pstar": 0.012804970405123822,
 "routeB": {
  "n": 45,
  "gamma": 0.31397632697638994,
  "P": 4.298245614035087,
  "Delta": 2.699094740674229,
  "amp1": 0.32199585148615567,
  "sse_lin": 3.3151857289177933,
  "sse_wig": 0.9474810783846325,
  "reduction": 0.285800300755375,
  "pval": 0.004975124378109453,
  "dphi": 0.04283265680623094,
  "detect": true,
  "surr_red_p5": 0.6316050124642403
 },
 "routeA": {
  "n": 33,
  "gamma": 0.365281355459902,
  "P": 4.912280701754385,
  "Delta": 3.5887291062727207,
  "amp1": 0.01922958665993442,
  "sse_lin": 0.013500653838478338,
  "sse_wig": 0.006055977949685214,
  "reduction": 0.44856923391554676,
  "pval": 0.014925373134328358,
  "dphi": 1.256143238648015,
  "detect": false,
  "surr_red_p5": 0.570456537910307
 },
 "control1600": {
  "n": 23,
  "gamma": 0.32869233681591586,
  "P": 4.105263157894736,
  "Delta": 2.698737081225414,
  "amp1": 0.3625879126330092,
  "sse_lin": 3.3159819178274814,
  "sse_wig": 1.4420075796663467,
  "reduction": 0.43486593576212895
 },
 "epsB": [
  0.01,
  0.007498942093324558,
  0.005623413251903491,
  0.004216965034285823,
  0.0031622776601683794,
  0.0023713737056616554,
  0.0017782794100389228,
  0.001333521432163324,
  0.001,
  0.0007498942093324559,
  0.0005623413251903491,
  0.00042169650342858224,
  0.00031622776601683794,
  0.00023713737056616554,
  0.00017782794100389227,
  0.0001333521432163324,
  0.0001,
  7.498942093324559e-05,
  5.623413251903491e-05,
  4.216965034285822e-05,
  3.1622776601683795e-05,
  2.3713737056616554e-05,
  1.778279410038923e-05,
  1.333521432163324e-05,
  1e-05,
  7.498942093324558e-06,
  5.623413251903491e-06,
  4.216965034285822e-06,
  3.162277660168379e-06,
  2.3713737056616552e-06,
  1.778279410038923e-06,
  1.333521432163324e-06,
  1e-06,
  7.498942093324558e-07,
  5.62341325190349e-07,
  4.2169650342858225e-07,
  3.162277660168379e-07,
  2.3713737056616554e-07,
  1.7782794100389227e-07,
  1.333521432163324e-07,
  1e-07,
  7.498942093324559e-08,
  5.6234132519034905e-08,
  4.2169650342858225e-08,
  3.162277660168379e-08
 ],
 "yB": [
  21.926225889892518,
  24.91869796089104,
  29.306091053333642,
  34.83369346678001,
  42.48345590369365,
  52.049013387664864,
  68.36134092680047,
  103.0706417528118,
  145.8297740624037,
  199.91333892729864,
  256.8918071355129,
  316.4889504709505,
  374.20004207273143,
  427.58247712735863,
  470.801950685492,
  522.0101956786383,
  569.8325299218735,
  606.4168212670594,
  635.4019111509392,
  736.7369515434443,
  910.381119504939,
  1042.2345580042788,
  1639.7105445813493,
  2143.083141878624,
  2906.281574581448,
  3423.8583936006767,
  3644.630899188629,
  5035.9177558557185,
  5596.954636924132,
  6256.404871566512,
  6532.263094287439,
  7005.230148613296,
  7787.0496745413275,
  9533.819607045738,
  9548.886675830854,
  7897.199800078533,
  13664.98212780415,
  32965.21595264822,
  33153.157273891164,
  58601.785081349626,
  59580.628616420014,
  53486.48489192467,
  61409.85639715672,
  71210.11302617383,
  85093.80683523574
 ],
 "epsA": [
  0.1,
  0.07498942093324558,
  0.05623413251903491,
  0.042169650342858224,
  0.03162277660168379,
  0.023713737056616554,
  0.01778279410038923,
  0.01333521432163324,
  0.01,
  0.007498942093324558,
  0.005623413251903491,
  0.004216965034285823,
  0.0031622776601683794,
  0.0023713737056616554,
  0.0017782794100389228,
  0.001333521432163324,
  0.001,
  0.0007498942093324559,
  0.0005623413251903491,
  0.00042169650342858224,
  0.00031622776601683794,
  0.00023713737056616554,
  0.00017782794100389227,
  0.0001333521432163324,
  0.0001,
  7.498942093324559e-05,
  5.623413251903491e-05,
  4.216965034285822e-05,
  3.1622776601683795e-05,
  2.3713737056616554e-05,
  1.778279410038923e-05,
  1.333521432163324e-05,
  1e-05
 ],
 "yA": [
  0.18906973258789941,
  0.16862620870324607,
  0.15158279193552443,
  0.13696021373756653,
  0.1242187322512232,
  0.11244410079311275,
  0.10131392057635,
  0.09053596116912045,
  0.0800558102513146,
  0.06980895517235577,
  0.06604279492362015,
  0.058941225497508444,
  0.05230365513525603,
  0.04671188054783565,
  0.04178727814913612,
  0.03751998258046242,
  0.03416182282720992,
  0.031300414011520734,
  0.028433228444904424,
  0.025799340958290912,
  0.02343589262021004,
  0.021126494402565824,
  0.01887478701354233,
  0.016767602354443432,
  0.015042084776122448,
  0.013053040450497478,
  0.0122624873751624,
  0.011171660561115732,
  0.009939243597565643,
  0.00885955930970601,
  0.007684190537345348,
  0.006894044265620486,
  0.006152610997987041
 ],
 "eps16": [
  0.01,
  0.005623413251903491,
  0.0031622776601683794,
  0.0017782794100389228,
  0.001,
  0.0005623413251903491,
  0.00031622776601683794,
  0.00017782794100389227,
  0.0001,
  5.623413251903491e-05,
  3.1622776601683795e-05,
  1.778279410038923e-05,
  1e-05,
  5.623413251903491e-06,
  3.162277660168379e-06,
  1.778279410038923e-06,
  1e-06,
  5.62341325190349e-07,
  3.162277660168379e-07,
  1.7782794100389227e-07,
  1e-07,
  5.6234132519034905e-08,
  3.162277660168379e-08
 ],
 "y16": [
  23.431563564442452,
  31.80500619756237,
  47.433578909152665,
  75.57506336133679,
  159.50800290691254,
  290.273848877085,
  442.044162096986,
  589.7525120869915,
  699.1235474248128,
  811.0657900566972,
  1129.4022752143003,
  1732.80636616666,
  3513.2041209431495,
  6232.036164365643,
  7588.201851011916,
  9333.673908633882,
  12400.085134669263,
  15499.808565223835,
  22343.27033730984,
  46444.26177027293,
  219852.28054333612,
  66673.9177646109,
  66192.6106464531
 ],
 "dropped": [],
 "verdicts": {
  "v1": true,
  "v2": false,
  "v3": false,
  "v4": "nm (Route A detection failed -- advisory)",
  "v5": true
 }
}