{
 "pstar1600": 0.01279401032642636,
 "eps": [
  0.1,
  0.03162277660168379,
  0.01,
  0.0031622776601683794,
  0.001,
  0.00031622776601683794,
  0.0001,
  3.1622776601683795e-05,
  1e-05
 ],
 "M": [
  0.1884753370926107,
  0.12355958989256949,
  0.07924400548022008,
  0.051444541526839464,
  0.033492227797446095,
  0.022700421807715237,
  0.014340528601248011,
  0.009447092192594275,
  0.006317994323816759
 ],
 "gamma": 0.3696181331932815,
 "r2": 0.9998487690410564
}