{
 "A": {
  "eps": [
   0.1,
   0.05623413251903491,
   0.03162277660168379,
   0.01778279410038923,
   0.01,
   0.005623413251903491,
   0.0031622776601683794,
   0.0017782794100389228,
   0.001,
   0.0005623413251903491,
   0.00031622776601683794,
   0.00017782794100389227,
   0.0001,
   5.623413251903491e-05,
   3.1622776601683795e-05,
   1.778279410038923e-05,
   1e-05
  ],
  "M": [
   0.18906973258789941,
   0.15158279193552443,
   0.1242187322512232,
   0.10131392057635,
   0.0800558102513146,
   0.06604279492362015,
   0.05230365513525603,
   0.04178727814913612,
   0.03416182282720992,
   0.028433228444904424,
   0.02343589262021004,
   0.01887478701354233,
   0.015042084776122448,
   0.0122624873751624,
   0.009939243597565643,
   0.007684190537345348,
   0.006152610997987041
  ]
 },
 "B": {
  "eps": [
   0.1,
   0.05623413251903491,
   0.03162277660168379,
   0.01778279410038923,
   0.01,
   0.005623413251903491,
   0.0031622776601683794,
   0.0017782794100389228,
   0.001,
   0.0005623413251903491,
   0.00031622776601683794,
   0.00017782794100389227,
   0.0001,
   5.623413251903491e-05,
   3.1622776601683795e-05,
   1.778279410038923e-05,
   1e-05,
   5.623413251903491e-06,
   3.162277660168379e-06,
   1.778279410038923e-06,
   1e-06,
   5.62341325190349e-07,
   3.162277660168379e-07,
   1.7782794100389227e-07,
   1e-07,
   5.6234132519034905e-08,
   3.162277660168379e-08,
   1.7782794100389228e-08,
   1e-08
  ],
  "R": [
   2.5337281359960993,
   5.704262822151766,
   10.555910445657219,
   16.29399719083075,
   21.926225889892518,
   29.306091053333642,
   42.48345590369365,
   68.36134092680047,
   145.8297740624037,
   256.8918071355129,
   374.20004207273143,
   470.801950685492,
   569.8325299218735,
   635.4019111509392,
   910.381119504939,
   1639.7105445813493,
   2906.281574581448,
   3644.630899188629,
   5596.954636924132,
   6532.263094287439,
   7787.0496745413275,
   9548.886675830854,
   13664.98212780415,
   33153.157273891164,
   59580.628616420014,
   61409.85639715672,
   85093.80683523574,
   89262.48419222925,
   82118.68761150521
  ]
 }
}