{
 "pstar_cfl01": 0.012804987813351664,
 "pstar_cfl005": 0.012805000955540598
}